Name of the hospital*,Latitude*,Longitude*,District*,Address,PinCode*,Phone Number
Dhanush Hospital,16.1743905,75.6804263,Bagalkote,Extensaio Area Mahaveer Road Bagalkot Dist Bagalkot 587101,587101,9900095233
Baragi Hospital Bagalkot,16.183354,75.696659,Bagalkote,Baragi Hospital Bagalkot Rajeevgandhi Circle Near Durga Vihar Bagalkot 587101,587101,x
Daddenavar Hospital And Research Centre,16.178766,75.6887869,Bagalkote,Laxmi Nagar Near Rural Police StationBagalkot,587101,x
Shanti Hospital Bagalkot,16.1861201,75.692984,Bagalkote,166A 1A Near Old Ib Extension Area Bagalkot 587101,587101,8354220996
Kerudi Healthcare Private Limited Bagalkot,16.1728947,75.679288,Bagalkote,Rotary Circle Navanagar Road Bagalkot 587101,587101,x
Patil Medicare Multispeciality Hospital Bagalkot,16.1793326,75.6888305,Bagalkote,Behind Kerudi Hospital Bagalkot 587101,587101,8354221933
Sanjeevini Children And Eye Hospital,16.18277,75.6929137,Bagalkote,Near Lion S School Extenssion Area Bagalkot,587101,x
Spandana Multispeciality Hospital,16.1819409,75.6879315,Bagalkote,Pm Nadagouda RoadVinayak Nagar Bagalkot,587101,9945682666
M S Kerudi Hospital And Research Centre Bagalkot,16.1743649,75.6870193,Bagalkote,Opp Axis Bank Extension Area Bagalkot 587101,587101,x
Dr Katti Hospital,16.1807826,75.6860444,Bagalkote,Bendigeri Layout Extension Area Bagalkot 587101,587101,8867120078
Shakuntala multispeciality hospital,16.1834828,75.6949525,Bagalkote,near railway station bagalkot 587101,587101,9611720416
Guled Ortho Care Hospital,16.1830353,75.6947953,Bagalkote,Extesion Area Near Kerudi Hospital Bagalkot,587101,8354224033
Ashirwad Hospital,16.1773251,75.689014,Bagalkote,VithalS Vantage Building Deepam Colony Near Rotary Circle Bagalkote 587101,587101,8354220599
Shri Banashankari Eye Hospital Bagalkot,14.5678649,75.5261218,Bagalkote,Mahaveer Road Opposite Water Tank Bagalkot,587101,8762990666
Ashraya Hospital,16.1743425,75.6569963,Bagalkote,BASAVESHWAR ENGINEERING COLLEGE CIRCLE VIDYAGIRI BAGALKOT,587102,
SNMC HSK Hospital,16.1638258,75.6724625,Bagalkote,SNMC HSK Hospital Navanagar Bagalkote 587102,587102,8354235360
Bests Kuntoji Multispeciality Hospital,16.1627266,75.6624207,Bagalkote,Plot No D1 Sector No 20 Near Kalabhavan Navanagar Bagalkot,587103,9483300896
MAHANTESH MULTI SPECIALITY HOSPITAL,15.9696887,76.1087664,Bagalkote,JOSHIGALLI OPP IB BAGALKOTE,587125,
Dr R G Karudagimath Memorial Nursing Home Badami,15.9255005,75.6768757,Bagalkote,Tippu Nagar Station Road Badami Bagalkot,587201,
Dr A R Belgali Surgical Clinic And Maternity Home,14.6604671,75.2047548,Bagalkote,Dr A R Belgali Surgical Clinic And Maternity Home Vidyanagar Mudhol Road Mahalingpur Baglakot 587312,587312,
Arogyadham Hospital,16.2994721,74.7822482,Bagalkote,Arogyadham Hospital Gokak Road Mahalingpur Bagalkote 587312,587312,
Riti life care Hospital,16.2799369,75.0904063,Bagalkote,Riti Life Care HospitalJayalaxminagarMahalingpur Taluk MudholBagalkot,587312,
Sai Aadhar Hospital,16.2795741,75.1959033,Bagalkote,Sai Aadhar Hospital Cts No 4018 4026 A1 D 789 Yadwad Road Mudhol 587313,587313,
Sharada Ortho Speciality Hospital,16.3280103,75.2884509,Bagalkote,Beside Deshpande Petrol Pump Basav Nagar Ranna Circle,587313,
Trishaladevi Super Speciality Eye Hospital,16.4797003,75.1100929,Bagalkote,Trishaladevi Super Speciality Eye Hospital Krishna Barrage Road Rabkavi Bagalkot 587314,587314,
OrthoCare Multispeciality Hospital Rabkavi,16.4720189,75.1017049,Bagalkote,Near Bramhanand Math Yaragatti Road Rabkavi tq Rabkavi Banhatti,587314,
PADMA HOSPITAL TERDAL,16.4949899,75.0534963,Bagalkote,PADMA HOSPITAL PADMA NAGAR TERDAL,587315,
Jindal Sanjeevani Multi Speciality Hospital,15.1963502,76.6567923,Ballari,Jindal Sanjeevani Multi Speciality Hospital Vijaya Vittal Nagar Toranagallu Village Bellary 583123,583123,
Mahesh Nursing Home,14.7852366,75.9865737,Ballari,Mahesh Nursing Home Kottur Road Harapanahalli Tq Bellary Dist 583131,583131,
Abhaya Hospital,14.0625764,76.0810396,Ballari,Near Valmiki circle Kampli,583132,
KLS Hospital Hosapete,15.2736763,76.3834078,Ballari,Kls Hospital Hosapete16 6 Isr Factory Road Near Idgah Maidan Hosapeteballari 583201,583201,
Umakanth Eye Hospital,15.2773633,76.3857174,Ballari,Umakanth Eye Hospital Patel Nagar Hospet Vijayapur 583201,583201,
Dipali Hospital,15.2741493,76.3811085,Ballari,Dipali Hospital 8Th Cross 1 Main Basaweshwar Extension Hospet 583201,583201,
Citi Hospital,15.2621402,76.3787428,Ballari,Citi Hospital 52 A Near Lic Office Dam Road Hospet Bellary 583203,583203,
Arogyadhama Hospital unit of Shivanagouda Hosp Pvt,15.1357583,76.8365523,Ballari,Arogyadhama Hospital unit of Shivanagouda Hospital Pvt Ltd Behind Post Office Near KSRTC BusStand,583219,
Shree Ortho And Trauma Centre,15.8658078,74.505468,Belagavi,Shree Ortho And Trauma Centre Cts No 3957 184 Gandhi Bhavan Behind Hotel Sanman College Road Belagavi 590001,590001,
Noble Care Childrens Hospital,15.8574683,74.5024511,Belagavi,B C No 178 Ground Floor Havelock Road Camp Belagavi 590001,590001,
Vijaya Hospital,16.6578878,75.216526,Belagavi,Vijaya Hospital Bims College Road Ayodhya Nagar Belgaum 590001,590001,
Kapileshwar Orthopedic Trauma And Surgical Center,15.8509987,74.5138536,Belagavi,Shriram Complex Spm Road Next To Kapileshwar Temple Belgaum 590001,590001,
Vijaya Ortho And Trauma Centre,15.8742226,74.5122546,Belagavi,Vijaya Ortho And Trauma Centre Opp Bims Behind B D Jatti College Ayodhya Nagar Belgaum 590001,590001,
Yash Hospital Critical Care Centre,15.8526613,74.5171178,Belagavi,Yash Hospital Critical Care Centre 4924 3 Mahadwar Road Belagavi 590001,590001,
Belgaum Childrens Hospital Pvt Ltd,15.8463259,74.4916821,Belagavi,Belgaum Childrens Hospital Pvt Ltd Shanbhag Chambers Kirloskar Raod Belgaum 590002,590002,
Life Care Multispeciality Hospital and Diagnostic,15.8617571,74.5154712,Belagavi,CTS No 3730 A Second Floor Bait Oz Zohra Complex Opp Jamiya Masjid Darbar Galli,590002,
BHS Lakeview Heart And Super Speciality Hospital,15.8424974,74.507488,Belagavi,CTS No 5653 17 20 Mahatma Phule Road Shastri Nagar Near Goaves Belagavi 590003,590003,
Shri Daneshwari Surgical And General Hospital,15.8418237,74.5154106,Belagavi,CTS NO 1195 SARAF GALLI SHAHAPUR BELAGAVI,590003,
Kle Centenary Charitable Hospital And Mrc,15.819007,74.5167999,Belagavi,Kle Centenary Charitable Hospital And Mrc Near Annapurneshwari Temple Near Annapurneshwari Temple Yellur Road Vadagaon Belagavi 590005,590005,
Shri Sai Hospital,15.8346359,74.5234028,Belagavi,40 2 Laxmi Nagar Main Road Vadagavi Belgavi,590005,
Venugram Hospitals Belgaum Pvt Ltd,15.8257572,74.4952433,Belagavi,CTS 785 RS No 674 7 2nd Cross Hindu Nagar Near 3rd Railway Gate Opp D Mart Belgaum,590006,
Venus Multi Super Specialty Hospital,12.9721032,77.6807993,Belagavi,CTS 2544 Mahatma Phule Road Shahapur,590006,
Dakshata Hospitals Pvt Ltd,15.8292264,74.4988801,Belagavi,Plot No 12 CTS 2608 Khanapur Road Near 3rd Rly Gate Belgaum,590006,
Kles Dr Prabhakar Kore Hospital And Mrc,15.8881397,74.5174905,Belagavi,Kles Dr Prabhakar Kore Hospital And Mrc Nehru Nagar Belgaum 590010,590010,
Kle Societys Belgaum Cancer Hospital,15.8759472,74.5081739,Belagavi,Kle Societys Belgaum Cancer Hospital 9666A 2 D Ashok Nagar Behind Buda Office Belgaum 590016,590016,
BHS lakeview Hospital,15.863428,74.524354,Belagavi,11888 Opp Fort Lake Gandhi Nagar Belgaum,590016,
Dr Naiks Hospital,15.8510307,75.1177003,Belagavi,Dr Naiks Hospital Opp Bus Stand Main Road Munavall Isavadatti Belagavi 591117,591117,
Dr Navadgi Nursing Home,15.7728283,75.1087081,Belagavi,Dr Navadgi Nursing Home Near Bus Stand Saundatti Dist Belgaum Karnataka,591126,
Salagare Childrens And Eye Hospital,16.4280786,74.5824207,Belagavi,Salagare Childrens And Eye Hospitalsalagare Childrens and Eye Hospital Bhagyalaxminagar belgaum 591201,591201,
Jeevan Maternity And Surgical Hospital Manjari,16.4311227,74.5853448,Belagavi,Jeevan Maternity And Surgical Hospital Manjari Bus Stand Road Manjari Chikkodi Belagavi 591213,591213,
Shri Mallikarjun Multispeciality Hospital Harugeri,16.5187793,74.9489692,Belagavi,Atahni Gokak Main Road Harugeri,591220,
SSJMECT ASHIRWAD NURSING AND MATERNITY HOME,16.517008,74.9473962,Belagavi,ATHANI GOKAK MAIN ROAD HARUGERI,591220,
Shri S B Odeyar Memorial Hospital Harugeri,16.2125036,74.4882407,Belagavi,Shri S B Odeyar Memorial Hospital Harugeri Gokak Road Harugeri Raibagh Belagavi 591220,591220,
DANESHWARI MULTI SPECIALITY HEALTH CARE,16.4035321,74.3825526,Belagavi,NEAR POST OFFICE MANIK NAGAR NIPPANI,591237,
Rajiv Gandhi Rural Hospital And Mrc,16.1276692,74.5211659,Belagavi,Main Road Yamakanamaradi At Po Yamakanamaradi Tq Hukkeri Dist Belgaum 591246,591246,
Shri Dhanvantari Nursing Home,16.2253583,74.399932,Belagavi,Shri Dhanvantari Nursing Home Near Bus Stand Athani Road Ainapur Belagavi 591303,591303,
Shree Nursing Home Ainapur,16.2253583,74.399932,Belagavi,Shree Nursing Home Ainapur Nehru Chowk Road Ainapur 591303,591303,
Padma Nursing Home,16.6704657,74.8858869,Belagavi,Padma Nursing Home Mahaveer Chowk Ainapur Athani Dist Belgaum 591303,591303,
Metri Hospital Athani,16.7293541,75.0594628,Belagavi,Metri Hospital Athani Beside Shala Sankirna Near Basaveshwar Cercle Athani Belagavi 591304,591304,
Annapurna Multisepciality Hospital,16.7242074,75.0648487,Belagavi,Bus Stand Road Athani Belgavi,591304,
Jayaratna Eye Hospital,16.2401187,74.7484015,Belagavi,Jayaratna Eye Hospital ghataprabha belgaum 591306,591306,
Naikwadi Medical Center,16.2282663,74.7940474,Belagavi,Survey No 27 4 Hukkeri Ghataprabha Road Shirdhan Cross Shirdhan 591306 Tq Hukkeri Belgaum,591306,
Karnatak Health Institute,16.2335371,74.761963,Belagavi,Karnatak Health Institute Karnatak Health Institute Ghataprabha Belagavi 591306,591306,
Dr B B Ghodageri,16.1653524,74.8236913,Belagavi,Dr B B Ghodageri 145 K Main Road Gokak Belgaum 591307,591307,
Shri J G Co Operative Hospital Society Ltd,16.2473689,74.7666287,Belagavi,Shri J G Co Operative Hospital Society Ltd Dr Gangadhar Nagar Ghataprabha Gokak Belagavi 591307,591307,
Ganga Hospital,16.1613221,74.8213213,Belagavi,Ganga Hospital Mayur school road Gokak Belgavi,591307,
SUKH SHANTI SUPER SPECIALITY S4 HOSPITAL GOKAK,16.1649191,74.8427523,Belagavi,S4 Hospital Gokakshivaji Circle Yaragatti Roadbelgaum 591307,591307,
Jayaratna Maternity And Laparoscopy Surgical Hospital,16.1641157,74.8139011,Belagavi,Jayaratna Maternity And Laparoscopy Surgical Hospi Beside Jss College Falls Road Court Circle Gokak Belagavi 591307,591307,
Dr Balesh Kappalguddi,16.1640901,74.8204941,Belagavi,Dr Balesh Kappalguddi Kappalguddi Nursing Home Opp Junior College Ground Gokak Belagavi 591307,591307,
AROGYA ADHAAR HOSPITAL,16.1684541,74.8277806,Belagavi,HOTEL LAXMI VIHAR 1ST FLOOR GOKAK,591307,
Atharv Ortho and Trauma care Hospital Gokak,16.163951,74.8181877,Belagavi,Atharv Ortho and Trauma care Hospital Court Road Near Laxmi Talkies Gokak,591307,
KLES HOSPITAL ICU GOKAK,16.0342971,74.5448695,Belagavi,MAIN ROAD GOKAK BELAGAVI,591307,
Tathagat Heart Care Centre Llp,12.9852366,77.5788637,Bengaluru,No 31 32 Mallige Medical Centre Premises Crescent Road Bangalore,560001,
Asian Hospital,12.9611956,77.5723636,Bengaluru,No 27 A Cross Opp Vani Vilas Hospital K R ROad Near City market,560002,
B W Lions Superspeciality Eye Hospital,12.9563603,77.5809145,Bengaluru,B W Lions Super speciality Eye Hospital 05 Lions Eye Hospital Road Off J C Road Bangalore South 560002,560002,
Manipal Northside Hospital a unit of MHEPL,13.0035912,77.5633706,Bengaluru,71 11th Main Opposite Malleshwaram Railway station Malleshwaram,560003,
Trinity Hospital And Heart Foundation,12.9435556,77.5774481,Bengaluru,Trinity Hospital And Heart Foundation No 27 Sri Rama Mandir Road Bangalore South 560004,560004,
KIMS Hospital And Research Center,12.9563236,77.5725179,Bengaluru,K R Road V V Puram Bangalore 560004,560004,
BMS Hospital,12.9673337,77.5496867,Bengaluru,Bull Temple Road Basavanagudi Bangalore 560004,560004,
Santosh Hospital,12.9885773,77.5705316,Bengaluru,Promenade Road Bengaluru North,560005,
New varalakshmi hospital,12.9960829,77.5535104,Bengaluru,No 2 Mahakavi Kuvempu Road 2nd Stage Rajajinagar Bangalore,560010,
People Tree Hospitals,13.028795,77.5372764,Bengaluru,Tumkur Road Goraguntepalya Yeshwanthpur,560022,
Spine Care And Ortho Care Hospital,12.9744502,77.5470333,Bengaluru,Spine Care And Ortho Care Hospital No 14 1 6Th Block Police Quarters Junction Tollgate Magadi Road Rajajinagar Bangalore 560023,560023,
Healthcare Global Enterprises Ltd,13.0547741,77.5218916,Bengaluru,Healthcare Global Enterprises Ltd No44 45 2 2Nd Cross Raja Rammohan Roy Extn Off Lalbagh Double Road Bangalore 560027,560027,
St Johns Medical College Hospital,12.9282238,77.6168325,Bengaluru,Sarjapur Road John Nagar Koramangala,560034,
Sankara Eye Hospital,12.9750986,77.5642237,Bengaluru,Sankara Eye Hospital Varthur main Road Kundalahalli Gate,560037,
Rainbow Childrens Medicare Private Limited,12.9394767,77.6143005,Bengaluru,Sy No 8 5 Marathalli Kr Puram Outer Ring Road Doddanekundi Marathalli Bengaluru 560037,560037,
Chinmaya Mission Hospital,12.9779576,77.6440024,Bengaluru,CMH Road Indira Nagar Bangalore 560038,560038,
Specialist Health System Pvt Limited,13.0160068,77.64087,Bengaluru,Specialist Health System Pvt Limited No 216 7 Th Main 80 Ft Road 1 St Block Hrbr Layout Kalayanagar Bangalore 560043,560043,
New Janapriya Super Specialty Hospital,13.0067011,77.6507113,Bengaluru,319 East Of NGEF Layout Opposite Sbi Bank Kasturinagar,560043,
St Philomenas Hospital,12.965306,77.6088344,Bengaluru,No 4 Campbell Road Xavier Layout Viveknagar Bangalore 560047,560047,
East Point Hospital,13.0532587,77.7153793,Bengaluru,East Point Hospital 113 Bidarahalli Virgonagara Bangalore East 560049,560049,
HBS Hospital Trust,12.9877854,77.5772943,Bengaluru,No 58 Cockburn road shivajinagar,560051,
The Heart Center,12.9900688,77.5924196,Bengaluru,No3 Millers Tank Bund Road Cunningham Road Opp To Fortune Hotel Vasanth Nagar Bangalore 560052,560052,
SHIFAA HOSPITAL,12.9897837,77.596629,Bengaluru,NO 332 DARUS SALAM QUEENS ROAD BANGALORE 560052,560052,
Bhagwan Mahaveer Jain Hospital,12.9915548,77.5930911,Bengaluru,Bhagwan Mahaveer Jain Hospital Millers Road Vasanthnaga Bangalore 560052,560052,
M S Ramaiah Hospital,13.0280758,77.5695436,Bengaluru,M S Ramaiah Hospital Msr Nagar Msrit Post Bangalore North 560054,560054,
M S Ramaiah Narayana Heart Centre,13.0116493,77.544008,Bengaluru,MSR IT Post MSR Nagar New Bel Road,560054,
Belaku Eye Hospital,12.9109792,77.4777973,Bengaluru,Belaku Eye Hospital 769 1St Cross Ring Road Kengeri Upanagara Bangalore South 560060,560060,
BGS Global Institute of Medical Science and Hospital,12.9015369,77.4963424,Bengaluru,No 67 BGS health and education city uttarahalli main road kengeri Bangalore,560060,
PM Santosha Hospital,12.9269468,77.4966697,Bengaluru,1344 1 63 3 Himigepura Ward No 193 Behind Bgs Global Hospital Next To Galaxy Apts,560060,
Nethrakashi Eye Hospital And Micro Surgical Center,12.9714488,77.3143674,Bengaluru,Nethrakashi Eye Hospital And Micro Surgical Center No 33 1St Main Subramanya Pura Main Road Telecom Layout Padmanabhanagar Bangalore South 560061,560061,
SI Vega Hospital Private Limited Regal Hospital,13.0833337,77.6327721,Bengaluru,No 30 Cmr Complex Chokkanahalli Hegdenagar Main Road Bangalore 560064,560064,
Vydehi Hospital,12.9747622,77.7077808,Bengaluru,Vydehi Hospital 82 Epip Area Whitefield Bangalore 560066,560066,
Prashanth Hospital,12.9065634,77.6265316,Bengaluru,No 90 d Hosur road Bommanahalli circle,560068,
Bangalore Nethralaya,12.9759003,77.5507804,Bengaluru,Bangalore Nethralaya 946 21St Main Near Bda Complex Banashankari 2Nd Stage Bangalore Urban 560070,560070,
Nu Hospitals Pvt Ltd,12.9650929,77.5189024,Bengaluru,Nu Hospitals Pvt Ltd C A 6 15Th Main 11Th Cross Padmanabhanagar Bangalore 560070,560070,
Rajarajeswari Medicalcollege And Hospital,12.8962726,77.4595725,Bengaluru,Rajarajeswari Medicalcollege And Hospital Kambipura Mysore Road Bangalore 560074,560074,
Medihope Hospitals And Research Centre Pvt Ltd,12.9735462,77.6729633,Bengaluru,Medihope Hospitals And Research Centre Pvt Ltd No 114 1 Malleshpalya Main Road New Thippasandra Post Bangalore 560075,560075,
Rainbow Childrens Medicare Private Limited Bannerghatta Road,12.9320881,77.5526403,Bengaluru,Janardhan towers Billekahalli Bannerghatta Road Bangalore,560076,
Sagar Hospitals,12.9079569,77.562929,Bengaluru,Sagar Hospitals Shavige Malleshwara Hills Kumarswamy Layout Banashankari Bangalore South 560078,560078,
Bharathy Hospital,12.9760935,77.5304433,Bengaluru,nagarbhavi main road prashanth nagar,560079,
Vittala International Institute Of Ophthalmology,12.9306367,77.5391345,Bengaluru,Vittala International Institute Of Ophthalmology C A Site No 1 2Nd Cross 2Nd Main 7Th Block Banashankari 3Rd Stage Hosakerehalli Bangalore 560085,560085,
Bhagwan Mahaveer Jain Hospital Girinagar,12.944481,77.537143,Bengaluru,6th Cross 3rd Main Avalahalli Extension Girinagar,560085,
Sanjeevini Hospital,13.0029322,77.5388534,Bengaluru,No 760 7th Main Last Bus Stop Mahalaxmi Layout,560086,
Sapthagiri Super Speciality Hospital,13.0696597,77.5004264,Bengaluru,Sapthagiri Super Speciality Hospital No 15 Chikkasandra Hesargatta Road Bangalore 560090,560090,
Bangalore Cancer Centre Private Limited,12.9905932,77.456036,Bengaluru,118 1 2 Mookambika Temple Road Machohalli Forest Gate Magadi Main Road Bangalore 560091,560091,
Aster CMI Hospital,13.0546111,77.5897431,Bengaluru,Aster Cmi Hospital 43 2 Nh 7 Sahakarnagar Bengaluru 560092,560092,
Raksha Multispeciality Hospital,13.00979,77.5373624,Bengaluru,No141 142 1st Main Khb Colony Krishnanda Nagarpolice Quarters Nandini Layout,560096,
Samrudhi Eye Hospital,13.0711575,77.5656109,Bengaluru,Samrudhi Eye Hospital No 2 Near Fortuna Vista Apt Kodigehalli Main Road Thindlu Vidyaranyapura Post Bangalore West 560097,560097,
Aveksha Hospital,13.081756,77.5387403,Bengaluru,122 Varadarajaswamy Layout MS Palya Singapura Bengaluru,560097,
SPARSH HOSPITAL RR Nagar,12.9266053,77.5188523,Bengaluru,No 8 Ideal Homes HBCS Layout Rajarajeshwari Nagar Bangalore South 560098,560098,
Narayana Hrudayalaya Private Limited,12.8094974,77.6954359,Bengaluru,Narayana Hrudayalaya Private Limited 258 A Bommasandra Industrial Area Anekal Taluk Bangalore 560099,560099,
The Eye Foundation,12.9235204,77.6701892,Bengaluru,79 5 Outer Ring Road BellandurBangalore 560103,560103,
ACE Suhas Hospital,12.9559856,77.5963159,Bengaluru,CA 2 circle Jigani Industrial Area Anekal Bangalore,560105,
The Oxford Medical College Hospital and Research center,12.7873687,77.7554195,Bengaluru,Yadavanahalli NH 7 Hosur main road Attibele Anekal TalukBengaluru Rural,562107,
Nandi Multi Specialty Hospital,13.3050983,77.5429945,Bengaluru Rural,G F Adjecent to Reception D Cross Road Doddaballapaura,561203,
Manasa Hospital,13.3037107,77.5421124,Bengaluru Rural,Manasa Hospital D Cross Main Road Doddaballapur 561203,561203,
Akash Hospital,13.0554502,77.3117413,Bengaluru Rural,Akash Hospital Near Kempegowda International Airport Devanahalli Bangalore Rural 562110,562110,
Leena Multispeciality Hospital,13.2425661,77.7109487,Bengaluru Rural,S Narasimhaiah Lay Out Budigere Road Devanahalli Town,562110,
MVJ Medical College And Research Hospital,13.0773248,77.8092651,Bengaluru Rural,Mvj Medical College And Research Hospital 30Th Km Milestone National Highway 04 Hoskote Dandupalya 562114,562114,
Sri Siddhartha Institute Of Medical Sciences,13.1295472,77.3225963,Bengaluru Rural,T Begur Nelamangala Bangalore Rural,562123,
Ramaiah Harsha Hospital,13.0927344,77.3933819,Bengaluru Rural,93 4 Sondekoppa Circle Nelamagnala,562123,
New Rifah Hospital Basavakalyan,12.9560933,77.5921445,Bidar,Near Bus Stand Basavakalyan,585327,
JSS HOSPITAL,11.9276141,76.947231,Chamarajanagara,JSS HOSPITAL B R ROAD CHAMARAJANAGARA 571313,571313,
Holy Cross Hospital,12.1293845,77.2313977,Chamarajanagara,Kamagere Kollegal Taluk Chamarajanagara 571443,571443,
Manasa Sln Hospital Bagepalli,13.7846962,77.7870152,Chikkaballapur,Manasa Hospital AGS Complex Near Ragavendra Mata D V G Road Bagepalli Chikkaballapura 561207,561207,
Someshwara Hospital,13.6120087,77.5137045,Chikkaballapur,SBM Circle Near Railway Sation Road Gowribidanur Chikkaballapura 561208,561208,
Prasad Hospital,13.3773036,77.7009425,Chikkaballapur,Prasad Hospital M G Road Gouribidanur561208,561208,
Nandeeshwara Super Speciality Eye Hospital,13.4350211,77.731291,Chikkaballapur,Nandeeshwara Super Speciality Eye Hospital Amn Complex 751 693 3Rd Division 29Th Ward Chamrajpet Chikkaballapur 562101,562101,
Lakshmi Eye Hospital,13.4370417,77.7261639,Chikkaballapur,Lakshmi Eye Hospital No 433 1 Csi Hospital Raod Beside Karnataka Bank Chikkaballapur 562101,562101,
Soumya Eye Hospital,13.4241179,77.72681,Chikkaballapur,14 Narayanashastri Layout Bb Road Chikkaballapur,562101,
Ashraya Hospital,13.3157565,75.7711533,Chikkamagaluru,Ashraya Hospital Naidu Street PBNo 77 Chikmagalur 577101,577101,
Vaatsalya Hospital,13.3300732,75.7708248,Chikkamagaluru,Vaatsalya Hospital Bharathi Health Care Complex Opp Sandal Kote R C Road Hassan 573201,577101,
Reticorn Eye Hospital,13.326651,75.7664835,Chikkamagaluru,Reticorn Eye Hospital Krishna Arcade Mallandur Road Chikmagalur 577101,577101,
Holy Cross Hospital Chikmagaluru,13.3386182,75.8013453,Chikkamagaluru,Holy Cross Hospital Chikmagaluru Jyothi Nagar Km Road Chikkamagaluru 577102,577102,
Prashamani Hospital,13.5325008,75.3671158,Chikkamagaluru,Prashamani Hospital Balagadi Road Koppa Chikkamagaluru 577126,577126,
Pushpa Hospital,13.6070947,75.5026388,Chikkamagaluru,Pushpa Hospital Main Road Narasimharajapura 577134,577134,
Sri Maruthi Hospital,13.552332,76.008756,Chikkamagaluru,Sri Maruthi Hospital Sri Maruthi Hospital Opp Vedhavathi Girls High School N H 206 Kadur T Chikamagalore D Kadur 577548,577548,
Akshay Global Hospital,14.2194018,76.4195053,Chitradurga,Akshay Global Hospital Chellakere Road Opp To Sri Ram Kalyana Mantapa Chitradurga,577501,
Basaveshwara Medical College Hospital And Research,14.2232414,76.4121782,Chitradurga,Near KHB Colony Nh 4 By Pass Chitradurga 577501,577501,
Basappa Multi Specialty Hospital,14.2334623,76.4090582,Chitradurga,Basappa Multi Specialty Hospital 5th Block B LGowda Layout Turuvanoor Road Chitradurga 577501,577501,
Chitradurga Multispeciality Hospital,14.2377102,76.4106852,Chitradurga,Harinakshi Layout Turuvanur Road,577501,
Arjan Urology Centre,14.229955,76.4082419,Chitradurga,B L Gowda Layout Opp Bajaj Show Room Rto Office Road Chitradurga,577501,
Father Muller Hospital,12.8718442,74.9850413,Dakshina Kannada,Father Muller Hospital Thumbe Bantwal 574143,574143,
Srinivas Institute of Medical Science and RC,13.021641,74.7897992,Dakshina Kannada,Srinivas Hospital Srinivasnagar Mukka Surathkal Mangalore 574146,574146,
Chetana Hospital,12.7592139,75.1993227,Dakshina Kannada,Chetana Hospital Near Shree Mahamaya Temple Puttur574201,574201,
Adarsha Hospital Puttur,12.7652135,75.2057639,Dakshina Kannada,Adarsha Hospital Puttur A P M C Road Puttur Tq Dakshina Kannada Dist574201,574201,
Pragathi Speciality Hospital,12.7676306,75.1938684,Dakshina Kannada,Pragathi Speciality Hospital Main Road Bolwar Puttur 574201,574201,
Abhaya Hospital,12.9865157,75.2537484,Dakshina Kannada,Jainpete Belthangady Dakshinna Kannada 574214,574214,
JYOTHI HOSPITAL LAILA BELTHANGADY,12.8982761,74.9258162,Dakshina Kannada,LAILA BELTHANGADY,574214,
Fr L M Pinto Health Centre Charitable Trust,12.9992655,75.2331063,Dakshina Kannada,Fr L M Pinto Health Centre Charitable Trust Badyar Padangady Mangalore 574217,574217,
Somayaji Hospital,12.8824951,75.0297093,Dakshina Kannada,Somayaji Hospital PO Jodumarga Bantwal Taluk Bantwal 574219,574219,
Alvas Health Centre,13.0689119,74.9902638,Dakshina Kannada,Alvas Health Centre Near Swaraj Maidan Moodbidri 574227,574227,
Sri Krishna Hospital,13.0371344,75.4090404,Dakshina Kannada,Neriya Road Kakkinje Belthangady Dakshina Kannada 574228,574228,
Benaka Health Centre,12.9963482,75.3195039,Dakshina Kannada,Benaka Health Centre Near Ernodi Bridge Main Road Ujire 574240,574240,
Shri Dharmasthala Manjunatheshwara Hospital Ujire SDM Hospital,12.9946631,75.3304839,Dakshina Kannada,Shri Dharmasthala Manjunatheshwara Hospital Ujire Opp Post Office Charmadi Road Ujire 574240,574240,
Mahaveer Medical Centre,12.7653032,75.1938643,Dakshina Kannada,Main Road Puttur Dakshinna Kannada 574241,574241,
Dhanvantari Hospital,12.7619044,75.1991439,Dakshina Kannada,Dhanvantari Hospital main road Puttur Dakshinna Kannada 574241,574241,
KVG Medical College And Hospital,12.5534132,75.3821913,Dakshina Kannada,Kvg Medical College And Hospital Kurunjibag Sullia D K 574327,574327,
TARA HOSPITAL,12.8689911,74.839671,Dakshina Kannada,Ganapathi High School Mangalore,575001,
Kmc Hospital New,12.865133,74.8440187,Dakshina Kannada,Kmc Hospital Dr B R Ambedkar Circle Mangalore 575001,575001,
Kmc Hospital Attavar,12.865133,74.8440187,Dakshina Kannada,Kmc Hospital Attavar Managalore Dakshinna Kannada 575001,575001,
Mangalore Institute Of Oncology,12.8674985,74.8645238,Dakshina Kannada,Mangalore Institute Of Oncology Pumpwell Mangalore 575002,575002,
Prasad Netralaya,12.88643,74.836122,Dakshina Kannada,Prasad Netralaya A J Alse Road Behind Alankar Theatre Udupi 576101,575002,
Indiana Hospital And Heart Institute Ltd,12.8677184,74.8640381,Dakshina Kannada,Indiana Hospital And Heart Institute Ltd Mahaveer Circle Kankanady Post Pumpwell Mangalore 575002,575002,
Omega Hospital Pvt Ltd Mangalore,12.8704011,74.8607221,Dakshina Kannada,Omega Hospital Pvt Ltd Mangalore Mahaveer Circle Kankanady Mangalore 575002,575002,
Father Muller Medical College Hospital,12.8658081,74.8576634,Dakshina Kannada,Father Muller Medical College Hospital Father Muller Road Kankanady Mangalore 575002,575002,
Unity Hospital Unit Of UCHS,12.8677084,74.8515603,Dakshina Kannada,PO Box 535 Kankanady Falnir Road Mangalore575002,575002,
Yenepoya Specialty Hospital,12.873045,74.8390355,Dakshina Kannada,Yenepoya Specialty Hospital Kodailbail Mangalore 575003,575003,
A J Hospital And Research Centre,12.8993579,74.8438537,Dakshina Kannada,A J Hospital And Research Centre N H 66 Kuntikana Mangalore 575004,575004,
Kanachur Hospital And Research Centre,12.8036154,74.8959323,Dakshina Kannada,Kanachur Hospital And Research Centre University Road Derlakate Mangalore 575018,575018,
Justice Ks Hegde Charitable Hospital,12.8080246,74.8860419,Dakshina Kannada,Justice Ks Hegde Charitable Hospital Medical Science Complex Deralakatte Mangalore 575018,575018,
Yenepoya Medical College Hospital,12.8253479,74.837919,Dakshina Kannada,Yenepoya Medical College Hospital Nithyananda Nagar University Road Deralakatte Mangalore 575018,575018,
Gurushree Hospital,14.4598252,75.9161207,Davanagere,Gurushree Hospital 180 3Rd Main Road8Th CrossP J Extn Davanagere 577002,577002,
Latha Nursing Home,13.6695394,75.63684,Davanagere,2nd main 9th cross PJ Extension,577002,
City Central Hospital Private Limited,14.4601564,75.9165885,Davanagere,No 17 Akkamahadevi Road P J Extension Davangere Davangere 577002,577002,
Aaraike Super Specility Hospital,14.4558975,75.9182786,Davanagere,1683 1 Near Stadium Hadadi Road Davanagere 577002,577002,
Spandana Urology Centre,14.462427,75.9123468,Davanagere,Isiri 663 2 3 8 Th Main Aruna Theatre Road Pj Extension Davanagere 577002,577002,
Suchethana Hospital,14.4591168,75.9155491,Davanagere,Suchethana Hospital P J Extension Davanagere 577002,577002,
Vishwaradhya Cancer Hospital And Reserch Institute,14.4457232,75.904349,Davanagere,Vishwaradhya Cancer Hospital Research Institute 167 A Bada Cross Avaragere Post Davanagere,577003,
Bapuji Hospital Davanagere,14.456135,75.9151673,Davanagere,Pj Extension Davanagere,577004,
Sukshema Hospital,14.4560407,75.9070566,Davanagere,Sukshema Hospital 2629 1A And 1B Mcc B Block Shamanur Road Davangere 577004,577004,
Bapuji Child Health,14.4554731,75.9139277,Davanagere,Bapuji Child Health Institute And Research Centre Bapuji Hospital Road Opd Block Davangere 577004,577004,
Nayana Super Speciality Eye Hospital And Research,14.4556582,75.9125034,Davanagere,1 St Main Mcc B Block Dental And Oral And Maxillofacial SurgeryCollege Road Davanagere,577004,
Ashraya Hospital,14.4569091,75.9065254,Davanagere,Ashraya Hospital 1977 1 2 MCC A Block Shamanur Davanagere 577004,577004,
Kadali Niggamma Memorial Hospital,14.4536083,75.9128555,Davanagere,Kadli ningamma memorial hospital Mcc B Block 2main B Block Davanagere,577004,
Davangere Netralaya,14.4564984,75.9119495,Davanagere,2708 4 5 Mcc B Block Beside Gundi Mahadevappa Choultry Davangere,577004,
Sanjeevini hospital,14.4581665,75.9102551,Davanagere,Sic Sid S Nijalingappa Layout Near Ring Road Davangere 577004,577004,
Ss Narayana Hrudayalaya,14.4319732,75.9390243,Davanagere,S S Narayana Hrudayalaya Ssims Jnanashanakar Post Box No 1 Nh 4 Bypass Davanagere 577005,577005,
S S Institute Of Medical Sciences,14.4823315,75.9198179,Davanagere,S S Institute Of Medical Sciences Jnanashankara Nh 4 Bypass Pb Road Davanagere 577005,577005,
Apoorva Multispeciality hospital,14.4586448,75.9145613,Davanagere,Dargha Road Malebennur,577530,
Vithalinstitute Of Child Health And Speciality Ce,15.4599655,75.0039215,Dharwad,Vithalinstitute Of Child Health And Speciality Centre Opp District Court PB Road Dharwad 580008,580008,
Sdm College Of Medical Sciences And Hospital,15.4177432,75.04713,Dharwad,Sdm College Of Medical Sciences And Hospital Manjushree Nagar Sattur Dharwad 580009,580009,
SDM Narayana Hrudayalaya,15.4187945,75.0447211,Dharwad,Sdm Narayana Hrudayalaya Manjushree Nagar Sattur Dharwad 580005,580009,
Shivakrupa Hospital And Intensive Care Unit Hubli,15.3526815,75.1419366,Dharwad,Shivakrupa Hospital And Intensive Care Unit Hubli ICU Bembalgi Complex Lamington Road Hubli Dharwad 580020,580020,
Ashoka Hospital,15.3606581,75.1277381,Dharwad,Ashoka Hospital Behind Amruth Theatre Vidyanagar Hubli Dharwad 580021,580021,
Nalwad Multispeciality Hospital And Research Centre,15.3391744,75.1224349,Dharwad,Vikas Nagar Hosur Hubli Dharwad 580021,580021,
Vithoba Memorial Hospital Vithoba Netralaya,15.3476249,75.1284871,Dharwad,Vithoba Memorial Hospital Vithoba Netralaya Vikas Nagar Dharwad 580021,580021,
Shri Balaji Institute Of Neuro Sciences And Traum,15.3566627,75.1238673,Dharwad,Shri Balaji Institute Of Neuro Sciences And Traum Behind Hosur Ksrtc Depot Hosur Unkal Road Vidya Nagar Hubli 580021,580021,
Shakuntala Memorial Hospital And Research Centre,15.3530781,75.125213,Dharwad,Shakuntala Memorial Hospital And Research Centre 50 5 Goldentown Hosur Hubli 580021,580021,
M M JOSHI EYE INSTITUTE,15.3535867,75.1285198,Dharwad,PADMA NAYANALAY GOKUL ROAD HOSUR HUBLI,580021,
Karnataka Cancer Therapy And Research Institute,15.3946341,75.0820654,Dharwad,Karnataka Cancer Therapy And Research Institute Navanagar Hubli Dharwad 580025,580025,
Jayapriya Hospital,15.3609268,75.1348029,Dharwad,2 Ashok Nagar Road Bailappanavar Nagar Hubli 580029,580029,
HCG NMR Curie Centre Of Oncology,15.353665,75.136016,Dharwad,Hcg Nmr Curie Centre Of Oncology T B Road Near Revankar Motors Deshpande Nagar Hubli Dharwad 580029,580029,
VIHAAN HEART CARE PVT LTD,15.3540606,75.137642,Dharwad,Above Gokul ICU 3rd Floor Vivekanand General Hospital Deshpande Nagar Hubli 580029,580029,
Disha Superspeciality Eye Hospital Research Centre,15.3541487,75.1382195,Dharwad,Disha Superspeciality Eye Hospital Research Centre 3Rd Floor Vishnupriya Complex Vivekananda Hospital Road Deshapande Nagar Hubli Dharwad 580029,580029,
Vivekanand General Hospital,15.3551621,75.1382117,Dharwad,Vivekanand General Hospital Deshpande Nagar Hubli 580029,580029,
SECURE HOSPITAL,15.3489631,75.1128458,Dharwad,IMZ PLAZA DOLLORS COLONY GOKUL ROAD HUBBALLI,580030,
SUCHIRAYU HEALTH CARE SOLUTIONS HOSPITAL,15.3526453,75.1220763,Dharwad,S No 29 8 9 10 11 JAVALI GARDEN OFF GOKUL ROAD OPP TO REG KSRTC BUS DEPOT,580030,
Tatwadarsha Hospital,15.3561406,75.1157254,Dharwad,Tatwadarsha Hospital M T Sagar Near Shreyanagar Unkal Heggeri Road Opp to KSRTC Depot Gokul Road Hubballi 580030,580030,
SANJEEVINI SPECIALITY HOSPITAL,15.3636687,75.1197763,Dharwad,SHIRUR PARK MAIN ROAD BESIDES CORPORATION BANK PRASHANT COLONY VIDYANAGAR HUBBALI 580031,580031,
Hubli super specialty hospital,15.368416,75.1157078,Dharwad,kalyan nagar bihind hotel hans vidya nagar hubli 31,580031,
L Y Desai Memorial Sparsh Multispeciality Hospital,15.4047896,75.6066995,Gadag,L Y Desai Memorial Sparsh Multispeciality Hospital Mulgund Road Dr S Radhakrishna Nagar Gadag 582101,582101,
Mahatma Gandhi Multi Specility Hospital,15.4218484,75.6329727,Gadag,Mahatma Gandhi Multi Specility Hospital New Bus Stand Road Gadag 582101,582101,
Aashraya Hospital,15.4313112,75.6358963,Gadag,Aashraya Hospital Near Vdst School Tagore Road 1St Cross Gadag 582101,582101,
Dr N B Patil Hospital,15.4215554,75.6214615,Gadag,Dr N B Patil Hospital Near Durga Vihar Lodge Gadag 582101,582101,
Vaatsalya HealthCare Solutions Pvt Ltd,15.4329456,75.64309,Gadag,Vaatsalya Healthcare Solutions Pvt ltd near chetan canteen gadag,582101,
C S I BASEL MISSION HOSPITAL,15.4433474,75.6398073,Gadag,C S I BASEL MISSION HOSPITAL PALA BADAMI ROAD BETGERI GADAG,582102,
Dr Huilgol City Hospital Gadag,15.4324703,75.635845,Gadag,Dr Huilgol City Hospital Hubli Road Gadag 582103,582103,
Shree Anil Kale Memorial Ashirwad Nursing Home,15.5753881,75.7984972,Gadag,Shree Anil Kale Memorial Ashirwad Nursing Home Naregal Ron Gadag 582119,582119,
K H Patil Hospital And Research Institute,15.4290311,75.5252552,Gadag,K H Patil Hospital And Research Institute Hulkoti Post Gadag 582205,582205,
Rajiv Gandhi Education Societys Hospital Ron,15.6880742,75.7334945,Gadag,Rajiv Gandhi Education Societys Hospital Ron Ron Post Ron Tq Ron Dist Gadag 582209,582209,
Smt Savithramma Shanasappa Hospital Research Cen,13.3130117,76.2542655,Hassan,Smt Savithramma Shanasappa Hospital Research Cen Hassan Road Circle Arsiekre Hassan D573103,573103,
Nagesh Hospital,12.9015668,76.386139,Hassan,Nagesh Hospital Mysore Road Channarayapatna 573116,573116,
Janatha Hospital And Research Center,13.0111445,76.1003154,Hassan,Janatha Hospital And Research Center R C Road Hassan 573201,573201,
Janapriya Hospital,13.0041437,76.1046696,Hassan,Opp Ayyappa Sawmi Temple Shanker Mutt Road 2Nd Cross K R Puram Hassan,573201,
Vaatsalya Hospital,13.0094264,76.1004678,Hassan,Vaatsalya Hospital Bharathi Health Care Complex Opp Sandal Kote R C Road Hassan 573201,573201,
Mani Super Speciality Hospital And Research Instit,13.0064982,76.1049798,Hassan,Mani Super Speciality Hospital And Research Instit Sampige Road K R Puram Hassan 573201,573201,
Mangala Hospital,13.0047665,76.1054543,Hassan,Mangala Hospital Sampige Road K R Puram 573201,573201,
Hemavathi Hospital,13.0104795,76.0948764,Hassan,Northeen Extension Hassan,573201,
SSM Hospital,13.0053287,76.1041926,Hassan,Ssm Hospital Shankar Mutt Road KR Puram Hassan 573201,573201,
Janapriya Indiana Heart Lifeline,13.004217,76.1046019,Hassan,Janapriya Indiana Heart Lifeline 4Th Floor Janapriya Hospital Shankar Mutt Road 2Nd Cross Opp To Ayyappaswamy Temple Hassan 573201,573201,
Manjunatha Hospital,12.9766492,76.2897217,Hassan,Shankarmutt Road Opposite SRS School KR Puram Hassan 573201,573201,
Malladad Rudramma Memorial Hospital,14.7879254,75.3953905,Haveri,Malladad Rudramma Memorial Hospital Near Bus Stand Haveri 581110,581110,
Renuka Eye Hospital,14.7884049,75.3935495,Haveri,Renuka Eye Hospital 1 St Cross Ashwini Nagar Haveri 581110,581110,
Veerapur Multi Speciality Hospital,14.7867463,75.402405,Haveri,Veerapur Multi Speciality Hospital Guttal Road Haveri 581110,581110,
Sri Kantesh Hospital And Orthopedic Truma Care Centre,14.7944391,75.3938578,Haveri,No 1 B 1St Cross Rajendr Nagara P B Road Haveri 581110,581110,
Parvathamma Mahadevagouda Heggeri Hospital,14.7917952,75.3935109,Haveri,Sri Sai Plaza Beside New Dist Court P B Road Haveri 581110,581110,
Sri Sooryanarayana Hospital,14.7880212,75.3943273,Haveri,Ashwini Nagar 1St Main 1St Cross Haveri 581110,581110,
Shushroosha Drgvpandit Memorial Hospital,14.7882141,75.3991527,Haveri,Opp Ksrtc Bus Stand P B Road Haveri 581110,581110,
Shivakrupa Hospital Ranebennur,14.6109959,75.6371489,Haveri,Shivakrupa Hospital Ranebennur Dr Goudappagoudar Complex Mruthanjaya Nagar P B Road Ranebennur 581115,581115,
Sri Nandi Hospital,14.6133863,75.6313312,Haveri,Sri Nandi Hospital Behind Rajarajeswari College Rajarajeswari Nagar Ranebennur 581115,581115,
Om Hospital,14.617149,75.633019,Haveri,Medleri Road Ashok Nagar 3Rd Cross Ranebennur Haveri 581115,581115,
Sri Sai Speciality Hospital,14.6131505,75.6346444,Haveri,Near KEB Vinayak Nagar P B road Ranebennur Haveri 581115,581115,
Sri Laxmi Surgical Trauma Ortho And Multispeciality Hospital,14.6139401,75.6355838,Haveri,Sri Laxmi Surgical Trauma Ortho And Multispecilitvinayaka Nagar 3Rd Cross Ranebennur Dt Haverihaveri 581115,581115,
Shakunthala Hospital,14.6139376,75.6228331,Haveri,First Cross First Main Maruti Nagar Ranebennur Haveri 581115,581115,
Shakuntala hospital,14.6179801,75.6161473,Haveri,Maruti Nagar Ranebennur,581115,
Kelagar Medical Center,14.613958,75.6352341,Haveri,Vinayaka Nagar Ranebennur Haveri 581115,581115,
Patil Maternity And Children Hospital,14.6191841,75.6338146,Haveri,Patil Maternity And Children Hospital Near B K Guptha High School Hosa Nagar Ranebennur,581115,
Mruthyunjaya Nursing Home,14.7197416,74.8535083,Haveri,Mruthyunjaya Nursing Home Jayanaga Shiggon Haveri 581205,581205,
J R Nursing Home,14.9905288,75.2252813,Haveri,Near Guru Bhavan Navanagar Shiggaon Haveri 581205,581205,
Chirayu Hospital,17.3233494,76.8274844,Kalaburagi,Chirayu Hospital 1 20 Hindustani Covenant Church Campus Gescom Court Road Gulbarga Gulbarga 585101,585101,
Medicare Multispeciality Hospital,17.3372725,76.8418432,Kalaburagi,Darga Road Kalaburagi 585101,585101,
Gulbarga Heart Foundation,17.3332876,76.838461,Kalaburagi,Gulbarga Heart Foundation Stbt Cross Near Bigbazaar Jagat Circle Gulbarga 585101,585101,
Dr Patils Ent Clinic Speech And Hearing Centre,17.3249452,76.8242998,Kalaburagi,Dr Patils Ent Clinic Speech And Hearing Centre No 1 29 36 Geeta Behind District Court Gulbarga 585102,585102,
Netrajyothi Eye Hospital,17.3211409,76.8242416,Kalaburagi,H No 1 39 1 Gangotri Opposite District Court Station Road Gulbarga 585102,585102,
Shree Basavalingappa Nisty Memorial Heart Centre,17.3239062,76.8311364,Kalaburagi,Basalingappa Nisty Hospital No 15 and 16 Lahoti Enclave Aiwan E Shahi Road Gulbarga 585102,585102,
Patil Nursing Home,17.3195703,76.8227784,Kalaburagi,Patil Nursing Home Bus Stand Road Behind Nagarjun Hotel Venkatesh Nagar Gulbarga 585102,585102,
Sidrameshwar Eye Clinic,17.3275807,76.8157772,Kalaburagi,Sidrameshwar Eye Clinic Mig 1 Khb Colony Shanti Nagar Msk Mill Road Kalburgi 585102,585102,
Raj Laxmi Kidney Hospital,17.3177642,76.8214166,Kalaburagi,Raj Laxmi Kidney Hospital Old Jewargi Road Kalaburagi 585102,585102,
United Hospital,17.32525,76.8232639,Kalaburagi,United Hospital 1 43 A Opp Siddharth Law College Svp Chowk To S B Temple Road Gulbarga 585102,585102,
HCG Cancer Centre Gulbarga,17.3266055,76.8261376,Kalaburagi,Hcg Cancer Centre Gulbarga No 1 1 A Khuba Plot Station Road Gulbarga 585102,585102,
Bhoruka Netralaya,17.2780473,76.8311658,Kalaburagi,Bhoruka Netralaya Behind Akashvani Kesaratagi Road Gulbarga 585102,585102,
Khaja Banda Nawaz Teaching And General Hopital,17.3260521,76.8316264,Kalaburagi,Kbn Hospital Khaja Nagari Station Road Gulbarga 585102,585102,
Kamal Eye Hospital,17.3335998,76.826782,Kalaburagi,Kamal Eye Hospital Sharan Nagar Bramphur Behind Girish Scanning Centre Gulbarga 585103,585103,
Chirannjevi Hospital,17.3319629,76.8276296,Kalaburagi,Sharan Nagar N V School To Garden Road Kalburgi 585103,585103,
Devatha hospital,15.1307045,74.6759232,Kalaburagi,Near Eshwar temple Khuba plots Kalaburagi 585103,585103,
Kamareddy Hospital,17.3223998,76.8210029,Kalaburagi,Kamareddy Ortho Trauma Care Hospital Plot No 9 Vasanth Nagar Gulbarga 585103,585103,
Jeevan Care Maternity And General Hospital,17.3481091,76.8582063,Kalaburagi,Jeevan Care Maternity And General Hospital Opp Star Function Hall Hagarga Cross Ring Road Gulbarga 585104,585104,
Shri Shivshankrappa Nandyal Eye Care Center,17.3521107,76.8408528,Kalaburagi,Shri Shivshankrappa Nandyal Eye Care Center 71184 103 Opp Gunj Bus Stand Near Ambabhavani Temple Gunj Colony Gulbarga 585104,585104,
Bahmani Hospital,17.3409095,76.8422104,Kalaburagi,Bahmani Hospital Hafth Gumbad Darga Road Gulbarga Gulbarga 585104,585104,
Satya Uro Care And Multi Speciality Hospital,17.3228495,76.8257373,Kalaburagi,Satya Hospital Sharada Residency Opp Forest Office Bhinde Mini Vidhan Soudha Sb Temple Road Gulbarga 585104,585104,
Mother Theresa Charitable Hospital Trust,17.3986049,76.8625161,Kalaburagi,Mother Theresa Charitable Hospital Trust Uploan Kapnoor Post Humnabad Road Kalaburagi 585104,585104,
Tippusultan Maternity and General Hospital,17.3585506,76.8524909,Kalaburagi,Tippusultan Maternity and General Hospital Millat Nagar Ring Road Gulbarga 585104,585104,
Girish Kidney Foundation And Multispeciality Hospi,17.3261174,76.856017,Kalaburagi,Taher Mohiuddin Building Opposite Jayanagar Bus Stop Sedam Road Swastik Nagar,585105,
Basaveshwar Teaching And General Hospital,17.3257916,76.8514841,Kalaburagi,Sedam Road Gulbarga 585105,585105,
SHREYA HOSPITAL,13.1370912,78.1342557,Kolar,2ND MAIN ROAD FORT KOLAR KARNATAKA,563101,
New Kolar Nursing Home,13.1360041,78.1257541,Kolar,New Kolar Nursing Home 2Nd Cross Kuvempu Nagar Behind Narayani Theatre Near Ksrtc Bus Stand Kolar 563101,563101,
Surya Eye And Skin Care Hospital,13.1367233,78.1340609,Kolar,36 D K Halli Plantation Beml Nagar Kolar Gold Feilds,563101,
R L Jalappa Narayana Hrudayalaya Heart Centre,13.1325738,78.1704547,Kolar,R L Jalappa Narayana Hrudayalaya Heart Centre Tamaka Kolar 563101,563101,
R L Jalappa Hospital And Research Centre,13.1325725,78.1708286,Kolar,R L Jalappa Hospital And Research Centre Nh 75 Tamaka Kolar 563103,563103,
Sambhram Institute of Medical Science and Research,13.0030883,78.2347986,Kolar,36 D K Halli Plantation Beml Nagar Kolar Gold Feilds,563115,
Sanjana Hospital,13.003151,77.9376843,Kolar,Sanjana Hospital Maruthi Extention Malur Kolar 563130,563130,
Poornima Hospital And Maternity Centre,13.2070762,78.359273,Kolar,Poornima Hospital And Maternity Centre Near Govt Bus Stand Mulbagal 563131,563131,
Maruthi Eye And Dental Hospital Gangavathi,15.4337083,76.526505,Koppal,Maruthi Eye And Dental Hospital Gangavathi Oppose To Sandeep Theatre Osb Road Gangavathi Koppal 583227,583227,
Shree Mallikarjuna Multi Speciality Hospital,14.6975341,75.2191413,Koppal,Near Lakshmi Temple Julai Nagar Kampli Road,583227,
Tejeswini Childran Hospital,15.3907836,76.1963311,Koppal,Vinayaka nagar Kanakagiri Road Gangavati,583227,
Amar Hospital Child Care Clinic,12.9560933,77.5921445,Koppal,July Nagar Bus Stand Road Gangavathi,583227,
Yashodha hospital,12.9560933,77.5921445,Koppal,busstand road gangavathi,583227,
Lions Club Charitable Trust Koppal,15.3528851,76.1498168,Koppal,Abhay Kumar Mehta Opp Sp Office Koppal 583230,583230,
KS Health Care,15.3499198,76.1642157,Koppal,16 21MB Diwatar nagarb Hospet Road Koppal,583231,
Vaatsalya Hospital,14.1505142,75.7519904,Koppal,Near old DC circle Shivashanth Nagar Hospet road Koppal,583231,
Dr Subhas Kakhandki Eye Hospital,15.3519599,76.15102,Koppal,Dr Subhas Kakhandki Eye Hospital 1St Floor Of Hero Honda Showroom Opp Idfc Bank Near Bharath Gas Office Koppal Road Kushtagi 583277,583277,
Viveka Shrinivas Eye Hospital Hanamasagar,15.3517529,76.1527151,Koppal,Ambasa Rayabagi Viveka Shrinivas Eye Hospital Opp Apmc Yard Hanamsagar Koppal 583281,583281,
Trinetra Eye Hospital,12.5252584,76.8960058,Mandya,Trinetra Eye Hospital 1212 1 3Rd Cross Ashoka Nagar mandya 571401,571401,
Archana Hospital,12.5243083,76.8951973,Mandya,Archana Hospital K R Road Ashok Nagar Mandya 571401,571401,
Belaku Eye Hospital,12.5259479,76.8963491,Mandya,1186 2nd cross Ashok nagar Mandya,571401,
Mandya Ent Care Centre And Hospital,12.5216134,76.8969506,Mandya,Mandya Ent Care Centre And Hospital Varun Building G H Road 100Ft Junction Ashok Nagar Mandya Mandya 571401,571401,
G Madegowda Super Speciality Hospital,13.3341275,74.7070862,Mandya,No1889 Bet Complex Maddur Malavalli Main Road Bharathinagara K M Doddi Maddur Mandya,571422,
Sri Lakshmi Venkatesh Nursing Home,12.7741917,76.9660762,Mandya,Sri Lakshmi Venkatesh Nursing Home BM Road Nagamangala Mandya 571432,571432,
Sri Adichunchanagiri Hospital And Research Center,12.9661218,76.7188489,Mandya,Sri Adichunchanagiri Hospital And Research Center B G Nagara Nagamangala Tq Mandya Dist 571448,571448,
DRM Multi Speciality Hospital,12.3248465,76.6297902,Mysuru,2909Temple Road Vontikopal V Mohalla Mysore,570002,
Jagadguru Sri Shivarathreeshwara Hospital,12.3203534,76.6456531,Mysuru,Jagadguru Sri Shivarathreeshwara Hospital Mahatma Gandhi Road Agrahara Circle Mysore 570004,570004,
Vasan Eye Care Hospital,12.6332495,76.9162891,Mysuru,Vasan Eye Care Hospital vasan Eye Care Hospital 966 2 Jlb Road Lakshmipuram Mysore 570004,570004,
Nandhana Super Speciality Eye care Pvt Ltd,12.3003376,76.6415177,Mysuru,446 New No 38 J L B Road Next to Big Bazar Mysuru,570005,
Sigma Hospital,12.3003277,76.6217456,Mysuru,Sigma Hospital P8D Saraswathipuram Thonachikoppal Road Saraswathipuram Mysore570009,570009,
Shree Mahadeshwara Nursing Home,12.3069038,76.6823431,Mysuru,Shree Mahadeshwara Nursing Home Buddha Marga Mysore Bannur Main Road Siddartha Nagar Mysore 570011,570011,
Shubhodaya Hospital,12.3133463,76.6899781,Mysuru,Shubhodaya Hospital 26 Dr Rajkumar Road Sri Siddivinayaka Block Teachers Layout Mysore 570011,570011,
Brindavan Hospital,12.3233395,76.6248871,Mysuru,Brindavan Hospital No 64 64 1 3Rd Cross Jayalakshmipuram Mysore 570012,570012,
Nagaraje Gowda Memorial Hospital Phc,12.3409917,76.6360781,Mysuru,No45 46 Near Lions School Hudco Bannimantap Opp To Loyal World Mysore,570015,
St Josephs Hospital,12.341364,76.6527247,Mysuru,St Josephs Hospital 176 Bangalore Mysore Road Bannimantap Myosre 15 Mysore 570015,570015,
Bibi Ayesha Milli Hospital,12.3369596,76.648746,Mysuru,Bibi Ayesha Milli Hospital 242 Old Mysore Bangalore Road Subhashnagar Mysore 570015,570015,
Supriya Hospital,12.3336712,76.5972846,Mysuru,728New Street Hinkal Mysuru 17,570017,
Bharath Hospital Institute Of Oncology,12.3528857,76.6060472,Mysuru,Bharath Hospital Institute Of Oncology 438 Outer Ring Road Hebbal Mysore 570017,570017,
Clearmedi Radiant Hospital,12.3218026,76.6069861,Mysuru,Clearmedi Radiant Hospital 2 C 1 A 1 Block Vijayanagar 3 Rd Stage Mysore 570017,570017,
Pralaksha Hospital,12.314,76.6507,Mysuru,Praalaksha Hospital 275 1 Veda Arcade Hunsur main road Hootgally Mysore,570018,
Narayana Hrudayalaya Surgical Hospital Pvt Ltd,12.3452514,76.6708549,Mysuru,Narayana Hrudayalaya Surgical Hospital Pvt Ltd Cah 1 3Rd Stage Devanuru Mysore 570019,570019,
Annapoorna eye Hospital,12.2955562,76.6125223,Mysuru,199 Sai padam New Kantharaj urs Road Sharadha devi nagara Mysore,570022,
Suyog Hospital unit of Arogya yoga samsthe,12.2823004,76.6179523,Mysuru,P2 E F Block Dakshineshwara Road Ramakrishnanagar Mysore 570022,570022,
Sindhu Eye Hospital,12.2956028,76.5972013,Mysuru,6 Block 1 Madhuvana Layout Srirampura 2nd Stage Mysore 570023,570023,
Bhanavi Hospital,12.2927277,76.6249313,Mysuru,P2 Jcst Anikethana Raod Kuvempunagar Mysore 570023,570023,
Apollo BGS Hospital,12.2956324,76.6298103,Mysuru,Apollo BGS Hospital Kuvempunagar Mysore 570023,570023,
Vidyaranya Hospital Pvt Limited,12.2887493,76.6474077,Mysuru,Vidyaranya Hospital Pvt Limited 2876 4Th Cross Opp Gtr Narayana Shastry Road Chamundipuram Mysore 570024,570024,
Amritakripa Charitable Hospital,12.2924227,76.580628,Mysuru,Amritakripa Charitable Hospital Opp 22Nd Cross Roopanagar Mysore 570026,570026,
Nirmala Hospital,12.2989905,76.6953977,Mysuru,Nirmala Hospital 2 Giridarshini Layout Alanahalli Mysore 570028,570028,
Sompura Basappa Hospital,12.3041511,76.6993264,Mysuru,Sompura Basappa Hospital Bannur Main Road Alanahalli Post Mysore 570028,570028,
Cauvery Hospital,12.3050952,76.6936261,Mysuru,Cauvery Hospital Teresian College Circle Siddartha Nagar Mysore 570011,570029,
Vivekananda Memorial Hospital,11.9895164,76.3932812,Mysuru,Hanchipura Road Saraguru Mysore 571121,571121,
Nanjamma Javaregowdas Hospital,12.3174661,76.5592716,Mysuru,Aloka Palace Road Yelwala Bypass Road Yelwala Mysore 571130,571130,
Krishna Hospital,12.1165377,76.6749854,Mysuru,Krishna Hospital 18Th Cross R P Road Nanjangud 571301,571301,
MK Bhandari Hospital,16.2238122,77.3498232,Raichur,Opp Goushala Gunj Road,584101,
Hosamani Hospital,16.1874951,77.3442374,Raichur,Near Mother Trust School Ib Road Raichur 584101,584101,
Navodaya Medical College Hospital Raichur,16.1856276,77.3650658,Raichur,Navodaya Nagar Mantralaya Road Raichur,584103,
Shri Renuka Multi Specialty Hospital,15.7687654,76.7510358,Raichur,Opp Bus Stand Adarsha Colony,584128,
Shanti Hospital,15.7747172,76.7481983,Raichur,Shanti Hospital Opp Sbi Bank Kushtagi Road Raichur 584128,584128,
Dr Chandramma Dayanad Sagar Institute of Medical Education,12.7102063,77.2223632,Ramanagara,Devarakaggalahalli Opp harohalli Industrial Area Kanakapura main road,562112,
Belaku Eye Hospital,12.7234477,77.2727398,Ramanagara,Belaku Eye Hospital No 20301 Bm Road Ramanagar 562159,562159,
Mallikarjuna Nursing Home,13.9363216,75.5667831,Shivamogga,Hotel Jewel Rock Road Durgigudi Shimoga,577201,
Maax Super Speciality Hospital,13.9381142,75.5694715,Shivamogga,Maax Super Speciality Hospital R M R Road Park Extension Durgigudi Shimoga 577201,577201,
Malnad Ent Institute Research Centre,13.9416485,75.5730129,Shivamogga,Malnad Ent Institute Research Centre 1St Cross Behind Metro Hospital Shimoga 577201,577201,
Sarji Hospital,13.9378419,75.5697799,Shivamogga,Plot No 11 Ward 21 Rmr Road Park Extension Shimoga 577201,577201,
Sagar Nursing Home and Laser Center,13.9389948,75.5678962,Shivamogga,Sagar Nursing Home and Laser Center 1st Cross Achutharao Layout Near Jailcircal Shimoga 577201,577201,
Kottureshwara Hospital,13.9402641,75.5596025,Shivamogga,6th Ward 100 Ft Road Vinayaka Nagara Shivamogga 577201,577201,
Subbaiah Hospital,13.9373373,75.5604792,Shivamogga,Subbaiah Hospital Complex SR Road Shimoga 577201,577201,
Unity Center For Advanced Pediatric Care,13.9372287,75.5634242,Shivamogga,Kuvempu Road Sharavathi Nagar Shimoga,577201,
Metrounited Healthcare,13.9403696,75.5728148,Shivamogga,Shivamurthy Circle Savalanga Road Shimogga,577201,
Sri Basaveshwara Hospital,13.9378678,75.5632138,Shivamogga,Sri Basaveshwara Hospital Opp Sri Raghavendra Swamy Mutt 1St Cross Tilak Nagar Shimoga 577201,577201,
Ravi Polyclinic Maternity And Nursing Home,13.9349139,75.5682896,Shivamogga,Ravi Polyclinic Maternity And Nursing Home L L R Road Durgigudi Shivamogga 577201,577201,
Sindhu Urology Hospital,13.9351831,75.5584125,Shivamogga,R M R road Durgigudi Above syndicate Bank,577202,
Skkmt Sankara Eye Hospital,13.903747,75.5585959,Shivamogga,Skkmt Sankara Eye Hospital Harakere Thirthahalli Road Shimoga 577202,577202,
Sahyadri Narayana Hrudayalaya,13.9007317,75.5561774,Shivamogga,Sahyadri Narayana Hrudayalaya New Thirthahalli Road Harakere Shimoga 577202,577202,
Nanjappa Life Care,13.9466527,75.5331031,Shivamogga,Nanjappa Life Care 5619 Gadikoppa Sagar Road Shimoga 577205,577205,
Subbaaiah Medical College Hospital,13.9329382,75.6149833,Shivamogga,Subbaaiah Medical College Hospital Nh 13 Purle Shimoga 577222,577222,
Malnad Institute Of Oncology,13.8876096,75.6398982,Shivamogga,Malnad Institute Of Oncology 9 Th Mile Stone B H Road Opp Bidare Bus Stop Nidige Post Shimoga 577222,577222,
Nayana Hospital,13.8888034,75.5658814,Shivamogga,Tarikere Road Bhadravathi,577301,
Durga Nursing Home,13.8430562,75.6924577,Shivamogga,B H Road Bhadravathi,577301,
Bhadra Nursing Home,13.8482302,75.7063291,Shivamogga,Bhadra Nursing Home Gandhi Nagar Old Town Gandhinagar Bhadravathi 577301,577301,
Nirmala Hospital,13.8517639,75.7015857,Shivamogga,Taluk Office Road Old Town,577301,
Anuradha Nursing Home,13.6957568,75.241878,Shivamogga,Anuradha Nursing Home Soppugudde Raghavendra Extension Thirthahalli 577432,577432,
Swami Vivekananda Integrated Rural Health CentreShree Sharadadevi Eye Hospital,14.0899951,77.2819975,Tumakuru,Swami Vivekananda Integrated Rural Health CentreShree Sharadadevi Eye Hospital Swami Vivekananda Nagara Pavagada Tumkur 561202,561202,
Sri Sai Nethralaya And Dental Care,12.9430444,77.5373178,Tumakuru,1St Cross Ramajoyish NagarOpp Sbi Bank Kunigal Road Tumkur,572101,
Madilu Childrens Hospital,13.3398786,77.1088807,Tumakuru,4th main Opp NEPS police station near pruthvi hotel shankara puram bh road tumkur,572101,
Surya Hospital,13.3396065,77.0973302,Tumakuru,1st Main Vinayakanagar Tumkur,572101,
Mookambika Modi Eye Hospital,13.3405075,77.1084022,Tumakuru,Mookambika Modi Eye Hospital 3Rd Main Behind Dodda Mane Nursing Home Shankarpuram B H Road Tumkur 572102,572102,
Tumkur Speciality Hospital,13.3386687,77.1015809,Tumakuru,Tumkur Speciality Hospital 4Th Cross KR Extension Barline Road Tumkur 572102,572102,
Ganadal Ent And Dental Hospital,13.3317232,77.1090103,Tumakuru,Ganadal Ent And Dental Hospital 3Rd Cross Puram Tumkur 572102,572102,
Kaushal Dental Care,13.329758,77.1275773,Tumakuru,Kaushal Dental Care Opp To Dominos Pizza Hut BatawadiTumkur 572103,572103,
Shridevi Institute Of Medical Sciences,13.376026,77.0925192,Tumakuru,Shridevi Institute Of Medical Sciences Nh4 Sira Road Tumkur 572106,572106,
Secretary Sri Siddartha Acadamy Of Higher Education,13.3337205,76.950626,Tumakuru,Agalakote Tumakur B H Road,572107,
Mm Multispeciality Hospital,13.0207587,77.013451,Tumakuru,Mm Multispeciality Hospital Krs Agrahara Bm Road Kunigal 572130,572130,
Raghu Hospital,13.5387717,76.8700786,Tumakuru,Balajinagara Sira Tumkur,572137,
Sharada Hospital For Mother and child,13.7441988,76.8837831,Tumakuru,Sharada Hospital For Mother And Child Peshumam Mohalla Nh4 Road Sira 572137,572137,
Swathi Hospital,13.7419488,76.8993053,Tumakuru,Swathi Hospital Gandhi Nagar Near Canara Bank Road Sira 572137,572137,
Shri Vijaya Nursing Home,13.2597262,76.4770623,Tumakuru,Shri Vijaya Nursing Home Near Aralikatte B H Road Tiptur 572201,572201,
Kumar hospital,13.7447494,76.6211453,Tumakuru,Kumar Hospital Mst Road Tiptur,572201,
Mudra hospital,13.2623888,76.467988,Tumakuru,KR Extension 3 Rd Main Road Tiptur,572201,
Chiranjeevi Nursing Home,13.1001062,76.7317936,Tumakuru,Chiranjeevi Nursing Home B H Road Tiptur 572201,572201,
Sri Sai Ganga Nursing Home,13.376484,76.583614,Tumakuru,Jagajeevan Ram Nagara C H Halli Taluk Tumkur District,572214,
Spandana Nursing Home,13.3352601,77.1158896,Tumakuru,Spandana Nursing Home Dr Rajkumar Road Huliyar Chikkanayakanahalli 572218,572218,
Sakshya Eye Care And Dental Hospital,13.5841214,76.5500307,Tumakuru,Sakshya Eye Care And Dental Hospital Nanjapp Complex Opp Apmc Yard Huliyar 572218,572218,
Spandana Hospital Karkala,13.211259,74.9951622,Udupi,Spandana Hospital Karkala Manglore Road Karkala 574104,574104,
Nitte Gajria Speciality Hospital,13.2256643,75.0130113,Udupi,Nitte Gajria Speciality Hospital Tellar Road Karkala 574104,574104,
PRASAD NETRALAYA,13.3391478,74.7446164,Udupi,A J ALSE ROAD BEHIND ALANKAR THEATRE UDUPI,576101,
New City Hospital,13.3383727,74.7428816,Udupi,New City Hospital Opp Shanieshwara Temple Vidyaranya Marg Kadabettu Udupi 576101,576101,
Mitra Hospital,13.336949,74.7483091,Udupi,Mitra Hospital Mitra Priya Old Post Office Road Udupi576101,576101,
Adarsha Hospital,13.3400299,74.7452111,Udupi,Adarsha Hospital Near Ksrtc Bus Stand Udupi 576101,576101,
Manjunatha Eye Hospital,13.6363859,74.9773709,Udupi,Manjunatha Eye Hospital Bannanje Road Udupi 576101,576101,
Dr TMA Pai Hospital Udupi,13.33252,74.7449573,Udupi,Court Rd opp Taluk Office Brahmagiri Udupi 576101,576101,
Sunag Ortho Care and Multispeciality Centre,13.3340464,74.7429981,Udupi,Sunag Ortho Care and Multispeciality Centre Opp MGM Collage Road Kunjibettu Udupi 576102,576102,
Hitech Medicare Hospital,13.4354746,74.7096238,Udupi,Hitech Medicare Hospital Nh 66Ambalpady Udupi576103,576103,
Kasturba Hospital,13.3538312,74.7889979,Udupi,Kasturba Hospital Post Box No 7 Madhav Nagar Manipal Udupi 576104,576104,
Adarsha Hospital Kundapura,13.4776943,74.5810082,Udupi,NH 66 Kundapura Udupi,576201,
Sri Devi Hospital,13.473393,75.0730236,Udupi,Sri Devi Hospital Near Gandi Park Vaderhobli A K G Road Kundapura 576201,576201,
Chinmayi Hospital,13.6288376,74.6870215,Udupi,Chinmayi Hospital Church Road Kundapura 576201,576201,
Sri Manjunatha Hospital,13.6320234,74.6876657,Udupi,Sri Manjunatha Hospital Main Road Kundapura Udupi 576201,576201,
Sri Matha Hospital,14.4520389,74.4157479,Udupi,Sri Matha Hospital Church Road Kundapura 576201,576201,
Vivek Hospital,13.6142584,74.6922898,Udupi,Kundapur Murkai Voderhobli Kundapura Udupi 576201,576201,
Pranav Hospital,13.4416477,74.7408643,Udupi,Pranav Hospital Near Handady Gram Panchayat Handady Brahmavar Udupi 576213,576213,
Mahesh Hospital,13.4319345,74.7409146,Udupi,Mahesh Hospital Nh 66 Varamballi Village Brahmavara Post Udupi 576 213,576213,
Dr N R Acharya Memorial Hospital,13.5909523,74.6952113,Udupi,Dr N R Acharya Memorial Hospital Nh66 Koteshwara Kundapura Taluk Udupi 576222,576222,
Surgeons Hospital,13.6021943,74.6922023,Udupi,Surgeons Hospital Ankadakatte Koteshwara Post And Vil Kundapura Tq Udupi 576222,576222,
St Ignatius Hospital,14.2871098,74.4512899,Uttara Kannada,St Ignatius Hospital Prabhat Nagar Honnavar Uttara Kannada 571334,581334,
Sridevimultispeciality Hospital,14.2820054,74.4366034,Uttara Kannada,Sridevimultispeciality Hospital Bunder Road Honavar Uttar Kannada 581334,581334,
Dr V K B Balkur Memorial Hospital,14.2800212,74.4459266,Uttara Kannada,Prabhat Road Honnavar Uttara Kannada 581334,581334,
Shri Sharada Nursing Home,14.2984582,74.4331292,Uttara Kannada,Shri Sharada Nursing Home Matadakeri Karki Honavar Uttara Kannada 581341,581341,
Dr Janu Mankikars Maternity And Nursing Home,14.4247491,74.406125,Uttara Kannada,Subhas Road Opposite State Bank Of Mysore Kumta Dist Uttara Kannada 581343,581343,
Achut Pandit Hospital,14.4269703,74.4072243,Uttara Kannada,Achut Pandit Hospital Kumbheshwar Temple Road Kumta 581343,581343,
Canara Health Care Centre,14.4187938,74.4145293,Uttara Kannada,Canara Health Care Centre Baggon Road Kumta Uttar Kannada 581343,581343,
Ramleela Hospital,14.4392385,74.4300419,Uttara Kannada,Ramleela Hospital Maternity Home Nh 66 Gandhi Nagar Kumta Uttar Kannada 581343,581343,
24 7 Hi Tech Life Line,14.4292779,74.4133361,Uttara Kannada,24 7 Hi Tech Life Line Kumta Uttarakannada 581343,581343,
RNS Hospital Murudeshwar,14.0957601,74.5019281,Uttara Kannada,Rns Hospital Murudeshwar NH 66 Murudeshwar Bhatkal Taluk Bhatkala Uttar Kannada 581350,581350,
SAI NETRALAYA,14.9643049,74.7098048,Uttara Kannada,BASAVESHWARA COMPLEX BASAVESHWARA CIRCLE BUS STAND ROAD YELLAPUR U K DISTRICT,581359,
Vishwa Seva Samitis Rotary Charitable Hospital,14.6227132,74.8297798,Uttara Kannada,Vishwa Seva Samitis Rotary Charitable Hospital Court Road Sirsi Uttara Kannada 581401,581401,
Tss Shripad Hegde Kadave Institute Of Medical Scie,14.6322527,74.8462691,Uttara Kannada,College Road Sirsi Uttara Kannada 581402,581402,
Akki Hospital,16.8255167,75.6820383,Vijayapura,Akki Hospital Bhairav Nagar Near Swatantra Yodhar Colony Athani Road Vijayapur 583102,583102,
Mahaldar Children Hospital,16.8268418,75.7100744,Vijayapura,Mahaldar Children Hospital Jamkahane Street Meenaxi Circle Vijayapur Bijapur 586101,586101,
Hussain Multispeciality Hospital,16.8415385,75.7048538,Vijayapura,Hussain Multispeciality Hospital Manas Residency Darga Cross Jail Road Sholapur Road Bijapur 586101,586101,
Dr Munir Bangi Hospital,16.8233344,75.7277928,Vijayapura,Dr Munir Bangi Hospital No 20 Doulat Koti Road Near Jamiya Masjid Bijapur 586101,586101,
Kembhavi Eye Hospital,16.8298636,75.7070975,Vijayapura,Kembhavi Eye Hospital Shivaji Circle Bijapur 586101,586101,
Basanagouda Patil Sunag Memorial Hospital,16.8296599,75.7104704,Vijayapura,New Vittal Mandir Road Bijapur,586101,
Luqman Unani Medical College Hospital,16.8431959,75.7102725,Vijayapura,12 Naubag Vijayapur 586101,586101,
Korbu Womens Care Hospital,16.8239088,75.7100335,Vijayapura,Korbu Womens Care Hospital Near Secab School behind Bus stand Vijayapur,586101,
Anugraha Eye Hospital,16.8244574,75.7101774,Vijayapura,Anugraha Eye Hospital Navabhag Main Road Behind Central Bus Stand Near Secab College Bijapur 586101,586101,
Vasudev Hospitals Pvt Ltd,16.8285395,75.709419,Vijayapura,Vasudev Hospitals Pvt Ltd Desai Chawl Meenaxi Chouk Bijapur 586101,586101,
Yashoda Hospital,16.8473084,75.7079377,Vijayapura,KHB Complex Solapur Road Bijapur,586101,
Mathoshree Hospital,16.8437634,75.6921304,Vijayapura,Mathoshree Hospital Desai Chawl Meenaxi Chouk Vijayapur 586101,586101,
Patil Multispeciality Hospital,16.8277341,75.7100684,Vijayapura,menaxi chowk Vijayapura,586101,
Sparsha Multispeciality Hospital,16.8331728,75.6766939,Vijayapura,Opp Sainik School 2 nd Gate Athani Road Bijapur 586102,586102,
Dr Bidaris Ashwini Hospital Bijapur,16.8401468,75.7150255,Vijayapura,B L D E Road Bijapur,586103,
Sanjeevini Superspeciality Hospital,16.8444243,75.7029522,Vijayapura,Sanjeevini Superspeciality Hospital Near Rns Motors Darga Jail Cross Solapur Road Bijapur 586103,586103,
Blde University Shri Bm Patil Medical College Hosp,16.8447464,75.7120385,Vijayapura,Blde University Shri Bm Patil Medical College Hosp Bangramma Sajjan Campus Ashram Road Bijapur 586103,586103,
Tanga Hospital,16.8402696,75.7029387,Vijayapura,A 89 Bahavasarnagar Jail Darga Road Bijapur 586103,586103,
ANNAPURNA MULTI SPECIALTY HOSPITAL,16.8280803,75.7078455,Vijayapura,OPPOSITE KARIGOUDAR LABORATORY GODBOLE MALA TAJ BAVADI ROAD VIJAYAPURA,586104,
Vaibhav orthopaedic And Dental Care Hospital,16.8281138,75.7280715,Vijayapura,Mukund Nagar Station Road Near Madhuvan Hotel,586104,
Bijapur Kidney Foundation,16.8589936,75.7129946,Vijayapura,Bijapur Kidney Foundation Near Mugalkhod Math Solapur Road Bijapur 586101,586104,
alnabi hospital,16.822708,75.728637,Vijayapura,Near Zandakatta J M Road Vijaypur,586104,
Mudhol Hospital,16.824932,75.7373267,Vijayapura,Allapur Base JM Road Bijapur,586104,
Choudhari Hospital,16.8303392,75.727136,Vijayapura,Choudhari Hospital Near Lic Office Shikarkhana Road Bijapur 586104,586104,
Al Ameen Medical College Hospital,16.8235948,75.6663354,Vijayapura,Al Ameen Medical College Hospital Al Ameen Campus Athani Road Vijayapur 586108,586108,
Shri Bhagyavanti Multispeciality Hospital And Rc,16.8002282,75.730137,Vijayapura,Shri Bhagyavanti Multispeciality Hospital And Rc 8 16 Mallikarjun Nagar Near Ganesh Nagar Bus Stop Bijapur 586109,586109,
SHRI SAI HOSPITAL,16.7982386,75.7321557,Vijayapura,32 33 VIJAYPUR BENGALURU HIGHWAY JUNCTION,586109,
DR G R BHAT HOSPITAL TALIKOT,16.4734522,76.3070861,Vijayapura,Dr G R BHAT M G Road Opp Town Municipal Corporation Talikote,586214,
